case_id,case_type,department_involved,opened_date,resolved_date,outcome
C0001,Course Drop Dispute,QA,2024-10-30,2024-11-11,Resolved
C0002,Internship Eligibility,Student Records,2024-09-26,2024-10-08,Resolved
C0003,FAFSA Issue,Career Services,2024-09-11,2024-09-21,Pending Documentation
C0004,FAFSA Issue,Advising,2024-08-22,2024-09-03,Policy Exception
C0005,FAFSA Issue,Financial Aid,2024-08-10,2024-08-18,Referred
C0006,Advising Follow-up,QA,2024-10-14,2024-10-15,Referred
C0007,Advising Follow-up,QA,2024-11-02,2024-11-03,Resolved
C0008,Internship Eligibility,Financial Aid,2024-09-19,2024-10-02,Pending Documentation
C0009,Transcript Eval,Career Services,2024-08-26,2024-09-11,Resolved
C0010,Course Drop Dispute,Career Services,2024-08-20,2024-08-25,Referred
C0011,Course Drop Dispute,Financial Aid,2024-11-23,2024-12-03,Resolved
C0012,FAFSA Issue,Career Services,2024-06-25,2024-07-06,Referred
C0013,Transcript Eval,QA,2024-06-16,2024-06-26,Referred
C0014,FAFSA Issue,Career Services,2024-08-30,2024-09-08,Pending Documentation
C0015,FAFSA Issue,Student Records,2024-11-01,2024-11-12,Policy Exception
C0016,Transcript Eval,Career Services,2024-07-28,2024-08-13,Resolved
C0017,Course Drop Dispute,QA,2024-09-03,2024-09-14,Policy Exception
C0018,Advising Follow-up,QA,2024-11-07,2024-11-14,Resolved
C0019,Internship Eligibility,Student Records,2024-06-08,2024-06-20,Referred
C0020,Course Drop Dispute,Student Records,2024-06-02,2024-06-16,Policy Exception
C0021,Transcript Eval,QA,2024-11-16,2024-11-29,Resolved
C0022,FAFSA Issue,QA,2024-07-26,2024-08-08,Pending Documentation
C0023,Advising Follow-up,Career Services,2024-08-27,2024-09-02,Referred
C0024,Internship Eligibility,QA,2024-06-22,2024-07-04,Resolved
C0025,Transcript Eval,Financial Aid,2024-11-06,2024-11-22,Pending Documentation
C0026,Advising Follow-up,Career Services,2024-11-03,2024-11-08,Pending Documentation
C0027,Advising Follow-up,Student Records,2024-07-26,2024-07-31,Pending Documentation
C0028,FAFSA Issue,Student Records,2024-11-21,2024-12-01,Pending Documentation
C0029,Internship Eligibility,Student Records,2024-06-12,2024-06-24,Resolved
C0030,FAFSA Issue,Financial Aid,2024-08-17,2024-09-09,Policy Exception
C0031,Transcript Eval,Student Records,2024-08-14,2024-08-28,Pending Documentation
C0032,Transcript Eval,Financial Aid,2024-09-06,2024-09-21,Policy Exception
C0033,Internship Eligibility,QA,2024-11-19,2024-11-29,Resolved
C0034,Advising Follow-up,Advising,2024-09-26,2024-09-29,Resolved
C0035,Course Drop Dispute,QA,2024-09-18,2024-09-21,Pending Documentation
C0036,Course Drop Dispute,Advising,2024-09-12,2024-09-18,Resolved
C0037,Course Drop Dispute,Financial Aid,2024-11-06,2024-11-09,Referred
C0038,FAFSA Issue,Career Services,2024-06-28,2024-07-11,Policy Exception
C0039,Advising Follow-up,QA,2024-09-11,2024-09-12,Referred
C0040,Course Drop Dispute,Financial Aid,2024-08-25,2024-09-02,Policy Exception
C0041,FAFSA Issue,QA,2024-11-10,2024-11-25,Referred
C0042,Course Drop Dispute,Financial Aid,2024-07-31,2024-08-12,Resolved
C0043,Transcript Eval,Student Records,2024-07-21,2024-08-06,Resolved
C0044,Transcript Eval,Career Services,2024-09-27,2024-10-14,Pending Documentation
C0045,Internship Eligibility,QA,2024-08-22,2024-09-04,Policy Exception
C0046,Advising Follow-up,Advising,2024-09-29,2024-09-30,Pending Documentation
C0047,Course Drop Dispute,Student Records,2024-10-30,2024-11-12,Referred
C0048,Advising Follow-up,Career Services,2024-06-10,2024-06-16,Resolved
C0049,Course Drop Dispute,Student Records,2024-06-20,2024-06-22,Resolved
C0050,Internship Eligibility,QA,2024-10-08,2024-10-09,Pending Documentation
C0051,Advising Follow-up,QA,2024-10-20,2024-10-31,Resolved
C0052,Advising Follow-up,QA,2024-11-14,2024-11-17,Policy Exception
C0053,Course Drop Dispute,QA,2024-09-30,2024-10-01,Pending Documentation
C0054,FAFSA Issue,Student Records,2024-06-22,2024-07-03,Policy Exception
C0055,FAFSA Issue,Financial Aid,2024-09-21,2024-10-07,Policy Exception
C0056,Course Drop Dispute,Student Records,2024-08-12,2024-08-20,Pending Documentation
C0057,Advising Follow-up,Student Records,2024-11-21,2024-11-22,Referred
C0058,FAFSA Issue,Student Records,2024-06-25,2024-07-02,Pending Documentation
C0059,Course Drop Dispute,Student Records,2024-11-16,2024-11-30,Policy Exception
C0060,Course Drop Dispute,Advising,2024-10-28,2024-11-04,Policy Exception
C0061,Course Drop Dispute,Student Records,2024-11-15,2024-11-22,Resolved
C0062,Course Drop Dispute,QA,2024-09-05,2024-09-10,Referred
C0063,Transcript Eval,QA,2024-06-24,2024-07-06,Referred
C0064,FAFSA Issue,Student Records,2024-08-19,2024-08-27,Policy Exception
C0065,Transcript Eval,Student Records,2024-10-03,2024-10-24,Policy Exception
C0066,FAFSA Issue,Student Records,2024-06-26,2024-07-25,Resolved
C0067,Course Drop Dispute,QA,2024-07-04,2024-07-11,Policy Exception
C0068,Internship Eligibility,Financial Aid,2024-09-21,2024-09-29,Resolved
C0069,Advising Follow-up,Student Records,2024-11-21,2024-11-23,Referred
C0070,Advising Follow-up,Financial Aid,2024-10-15,2024-10-16,Policy Exception
C0071,Course Drop Dispute,Career Services,2024-07-20,2024-07-22,Pending Documentation
C0072,Advising Follow-up,Student Records,2024-09-06,2024-09-18,Pending Documentation
C0073,Transcript Eval,Financial Aid,2024-11-02,2024-11-18,Pending Documentation
C0074,Course Drop Dispute,QA,2024-06-27,2024-07-08,Resolved
C0075,Course Drop Dispute,Advising,2024-07-12,2024-07-19,Policy Exception
C0076,Advising Follow-up,Advising,2024-07-27,2024-08-09,Pending Documentation
C0077,Course Drop Dispute,Advising,2024-09-15,2024-09-28,Policy Exception
C0078,Advising Follow-up,Advising,2024-09-04,2024-09-10,Policy Exception
C0079,FAFSA Issue,Student Records,2024-06-26,2024-07-11,Policy Exception
C0080,Transcript Eval,Advising,2024-08-13,2024-08-23,Pending Documentation
C0081,Transcript Eval,Career Services,2024-09-23,2024-10-01,Resolved
C0082,Course Drop Dispute,Financial Aid,2024-07-09,2024-07-12,Pending Documentation
C0083,FAFSA Issue,Student Records,2024-07-31,2024-08-11,Pending Documentation
C0084,Internship Eligibility,Career Services,2024-06-17,2024-06-28,Resolved
C0085,Advising Follow-up,QA,2024-10-16,2024-10-25,Policy Exception
C0086,Transcript Eval,Student Records,2024-09-18,2024-10-03,Resolved
C0087,Internship Eligibility,Student Records,2024-08-01,2024-08-08,Resolved
C0088,Internship Eligibility,Student Records,2024-06-18,2024-06-26,Resolved
C0089,Advising Follow-up,Career Services,2024-06-12,2024-06-13,Referred
C0090,FAFSA Issue,Student Records,2024-06-18,2024-06-21,Referred
C0091,Transcript Eval,Advising,2024-10-27,2024-11-10,Resolved
C0092,Course Drop Dispute,QA,2024-08-26,2024-08-31,Policy Exception
C0093,Advising Follow-up,Career Services,2024-11-09,2024-11-14,Pending Documentation
C0094,FAFSA Issue,Student Records,2024-07-22,2024-08-04,Resolved
C0095,Transcript Eval,Advising,2024-08-20,2024-09-08,Pending Documentation
C0096,Course Drop Dispute,Advising,2024-11-13,2024-11-20,Policy Exception
C0097,Course Drop Dispute,Student Records,2024-06-13,2024-06-24,Resolved
C0098,Course Drop Dispute,Career Services,2024-09-11,2024-09-17,Pending Documentation
C0099,Advising Follow-up,Student Records,2024-07-18,2024-07-19,Referred
C0100,FAFSA Issue,Career Services,2024-06-21,2024-07-03,Pending Documentation
C0101,Internship Eligibility,Financial Aid,2024-10-18,2024-10-27,Referred
C0102,Course Drop Dispute,Student Records,2024-09-23,2024-10-03,Pending Documentation
C0103,Transcript Eval,Career Services,2024-08-29,2024-09-06,Referred
C0104,Internship Eligibility,Career Services,2024-08-10,2024-08-22,Resolved
C0105,FAFSA Issue,Career Services,2024-09-02,2024-09-07,Policy Exception
C0106,FAFSA Issue,Financial Aid,2024-11-03,2024-11-14,Pending Documentation
C0107,FAFSA Issue,Financial Aid,2024-06-18,2024-06-30,Referred
C0108,Advising Follow-up,QA,2024-06-09,2024-06-19,Policy Exception
C0109,Advising Follow-up,Student Records,2024-09-04,2024-09-07,Policy Exception
C0110,Internship Eligibility,Student Records,2024-09-10,2024-09-20,Referred
C0111,Course Drop Dispute,Financial Aid,2024-06-30,2024-07-11,Pending Documentation
C0112,Internship Eligibility,Advising,2024-08-07,2024-08-17,Referred
C0113,Advising Follow-up,Financial Aid,2024-11-04,2024-11-07,Pending Documentation
C0114,Transcript Eval,Advising,2024-07-05,2024-07-28,Resolved
C0115,Advising Follow-up,Financial Aid,2024-09-22,2024-10-04,Referred
C0116,Course Drop Dispute,Advising,2024-10-19,2024-10-27,Referred
C0117,Course Drop Dispute,Financial Aid,2024-11-27,2024-12-01,Policy Exception
C0118,FAFSA Issue,Financial Aid,2024-07-06,2024-07-12,Policy Exception
C0119,Advising Follow-up,Advising,2024-09-01,2024-09-02,Policy Exception
C0120,Internship Eligibility,Advising,2024-06-17,2024-06-25,Referred
