StudentID,Program,Modality,AttendanceRate,GPA,CreditsAttempted,CreditsCompleted,Term,Retained
S0001,DIS,1:1,0.56,3.04,3,3,2024-02,1
S0002,Nursing,1:1,0.59,3.45,6,6,2024-01,1
S0003,DIS,Subscription,0.87,2.62,9,9,2024-01,1
S0004,MFT,Subscription,0.74,3.36,9,9,2024-06,1
S0005,Nursing,1:1,0.72,2.81,9,9,2024-08,1
S0006,SCOE,1:1,0.99,3.46,12,6,2024-06,1
S0007,DIS,1:1,0.57,3.16,3,3,2024-02,0
S0008,JD Law,Subscription,0.93,3.51,6,6,2024-04,1
S0009,DIS,Class-Based,0.87,3.02,6,6,2024-04,1
S0010,MFT,Class-Based,0.72,2.92,15,15,2024-06,1
S0011,Nursing,1:1,0.92,3.27,3,3,2024-06,1
S0012,MFT,Subscription,0.77,2.62,12,9,2024-04,1
S0013,SCOE,Class-Based,0.89,2.5,9,9,2024-03,1
S0014,SCOE,Class-Based,0.59,3.39,3,3,2024-03,1
S0015,DIS,Class-Based,0.82,2.6,12,12,2024-01,1
S0016,DIS,Subscription,0.6,3.55,15,15,2024-06,0
S0017,JD Law,1:1,0.75,4.0,9,9,2024-03,1
S0018,SCOE,1:1,0.94,2.81,9,9,2024-04,1
S0019,MFT,Class-Based,0.89,2.26,15,15,2024-06,1
S0020,Nursing,Class-Based,0.95,2.89,9,9,2024-04,1
S0021,SCOE,1:1,0.59,2.91,15,15,2024-03,1
S0022,SCOE,1:1,0.67,3.12,15,15,2024-04,1
S0023,DIS,Subscription,0.64,2.48,9,9,2024-08,0
S0024,MFT,1:1,0.7,4.0,15,15,2024-04,1
S0025,Nursing,1:1,0.87,3.27,3,3,2024-02,1
S0026,SCOE,1:1,0.68,3.17,12,12,2024-03,1
S0027,SCOE,Subscription,0.76,3.3,6,0,2024-06,1
S0028,JD Law,Subscription,0.57,2.21,3,-3,2024-02,0
S0029,MFT,Subscription,0.75,2.74,6,6,2024-02,1
S0030,JD Law,Subscription,0.59,3.29,15,15,2024-02,1
S0031,MFT,1:1,0.73,2.11,3,3,2024-01,1
S0032,General Studies,Class-Based,0.68,3.22,15,15,2024-08,0
S0033,General Studies,1:1,0.99,2.55,9,3,2024-03,0
S0034,SCOE,1:1,0.93,2.8,3,3,2024-04,1
S0035,JD Law,1:1,0.97,2.5,3,3,2024-07,1
S0036,DIS,Subscription,0.8,2.82,9,9,2024-04,1
S0037,DIS,Subscription,0.69,3.07,9,9,2024-02,0
S0038,SCOE,Subscription,1.0,3.36,3,3,2024-05,1
S0039,MFT,Class-Based,0.95,3.45,6,6,2024-05,1
S0040,SCOE,Subscription,0.79,2.77,15,15,2024-02,1
S0041,MFT,Class-Based,0.6,3.6,9,9,2024-04,1
S0042,MFT,Subscription,0.84,3.5,9,9,2024-05,1
S0043,Nursing,1:1,0.84,3.17,9,9,2024-05,1
S0044,MFT,Subscription,0.75,2.97,12,12,2024-02,1
S0045,Nursing,Subscription,0.96,2.19,15,15,2024-07,0
S0046,General Studies,Class-Based,0.95,2.83,3,3,2024-04,1
S0047,DIS,1:1,0.85,2.71,12,12,2024-03,1
S0048,MFT,1:1,0.99,3.61,6,6,2024-01,1
S0049,MFT,Subscription,0.97,3.2,6,6,2024-02,1
S0050,JD Law,1:1,0.94,2.6,6,6,2024-08,1
S0051,General Studies,Class-Based,0.92,3.35,6,6,2024-05,1
S0052,Nursing,Class-Based,0.71,2.84,15,15,2024-06,1
S0053,Nursing,1:1,0.94,3.05,9,3,2024-06,1
S0054,General Studies,Class-Based,0.82,3.76,15,12,2024-05,0
S0055,JD Law,1:1,0.78,3.36,6,6,2024-02,1
S0056,DIS,Class-Based,0.83,2.39,3,3,2024-05,1
S0057,DIS,Class-Based,0.7,2.89,6,6,2024-07,1
S0058,DIS,Subscription,0.96,2.5,15,15,2024-07,1
S0059,SCOE,1:1,0.69,3.32,15,15,2024-08,1
S0060,DIS,1:1,0.78,3.95,6,6,2024-05,1
S0061,SCOE,Subscription,0.83,2.63,6,6,2024-04,1
S0062,MFT,1:1,0.56,3.89,6,6,2024-02,1
S0063,DIS,Subscription,0.64,2.91,6,3,2024-02,1
S0064,MFT,1:1,0.91,2.55,15,15,2024-04,1
S0065,Nursing,Class-Based,0.61,2.5,15,15,2024-08,1
S0066,DIS,Subscription,0.74,3.24,15,15,2024-03,1
S0067,DIS,Class-Based,0.75,3.11,9,9,2024-08,1
S0068,DIS,1:1,0.67,2.14,3,3,2024-04,0
S0069,General Studies,Subscription,0.59,3.39,6,6,2024-02,1
S0070,General Studies,Subscription,0.76,3.5,3,3,2024-07,1
S0071,JD Law,Subscription,0.98,4.0,15,15,2024-01,1
S0072,General Studies,Class-Based,0.89,3.23,12,12,2024-04,1
S0073,JD Law,1:1,0.67,2.61,12,12,2024-08,1
S0074,SCOE,Subscription,0.56,3.14,12,12,2024-01,0
S0075,JD Law,1:1,0.94,3.26,9,9,2024-06,1
S0076,General Studies,Class-Based,0.68,3.45,12,12,2024-02,1
S0077,DIS,Subscription,0.57,3.44,3,3,2024-01,1
S0078,MFT,1:1,0.93,2.99,15,15,2024-03,1
S0079,JD Law,Subscription,0.6,3.63,9,9,2024-03,1
S0080,DIS,Subscription,0.6,2.92,6,6,2024-02,1
S0081,General Studies,Subscription,0.85,3.59,6,3,2024-02,1
S0082,General Studies,Subscription,0.82,2.97,3,3,2024-01,1
S0083,General Studies,Subscription,0.74,2.69,9,3,2024-08,0
S0084,General Studies,Subscription,0.95,3.53,12,12,2024-07,1
S0085,MFT,Subscription,0.78,2.7,15,15,2024-08,1
S0086,JD Law,Subscription,0.82,2.54,9,9,2024-02,1
S0087,General Studies,Class-Based,0.66,2.43,12,12,2024-08,1
S0088,MFT,Class-Based,0.65,3.25,9,9,2024-05,1
S0089,SCOE,1:1,0.59,2.99,6,6,2024-08,1
S0090,Nursing,1:1,0.68,2.53,12,12,2024-05,1
S0091,General Studies,Class-Based,0.8,2.16,15,15,2024-08,0
S0092,General Studies,1:1,0.6,4.0,6,6,2024-03,0
S0093,DIS,Class-Based,0.67,2.39,15,15,2024-02,1
S0094,General Studies,1:1,0.71,2.65,9,6,2024-05,0
S0095,Nursing,Subscription,0.68,3.77,12,9,2024-05,1
S0096,JD Law,Class-Based,0.63,2.85,3,3,2024-08,0
S0097,Nursing,Class-Based,0.77,2.43,6,0,2024-02,1
S0098,Nursing,Subscription,0.89,2.75,15,15,2024-04,1
S0099,SCOE,Class-Based,0.75,2.17,12,12,2024-01,1
S0100,DIS,1:1,0.98,3.45,6,6,2024-05,1
S0101,DIS,1:1,0.62,3.19,3,3,2024-08,0
S0102,MFT,Class-Based,0.87,3.28,12,9,2024-05,1
S0103,DIS,Subscription,0.85,3.58,15,15,2024-03,1
S0104,General Studies,1:1,0.58,2.89,6,6,2024-05,1
S0105,JD Law,Subscription,0.69,2.77,15,15,2024-02,1
S0106,JD Law,Subscription,0.7,3.33,9,6,2024-01,1
S0107,DIS,Class-Based,0.81,3.13,15,15,2024-05,1
S0108,MFT,Subscription,0.75,2.79,12,12,2024-08,1
S0109,General Studies,Class-Based,0.7,2.63,9,9,2024-08,1
S0110,General Studies,Subscription,0.98,2.23,15,12,2024-06,0
S0111,Nursing,Class-Based,0.94,3.11,15,15,2024-01,1
S0112,MFT,Subscription,0.71,3.08,12,12,2024-01,1
S0113,MFT,Class-Based,0.8,3.58,12,9,2024-03,0
S0114,Nursing,Subscription,0.73,2.86,6,6,2024-02,1
S0115,JD Law,1:1,0.84,3.76,9,9,2024-05,1
S0116,JD Law,Class-Based,0.99,4.0,6,6,2024-03,1
S0117,JD Law,1:1,0.96,2.07,3,3,2024-07,0
S0118,SCOE,Class-Based,0.92,3.05,9,9,2024-08,1
S0119,MFT,Class-Based,0.79,2.74,15,15,2024-06,1
S0120,MFT,Subscription,0.66,3.62,12,12,2024-07,0
S0121,DIS,Class-Based,0.87,3.29,6,6,2024-01,1
S0122,MFT,Subscription,0.98,2.64,9,9,2024-08,1
S0123,Nursing,Subscription,0.96,3.38,6,0,2024-06,1
S0124,JD Law,Subscription,0.59,3.13,9,9,2024-07,1
S0125,DIS,Subscription,0.95,2.48,15,9,2024-04,1
S0126,JD Law,1:1,0.89,3.15,3,3,2024-05,1
S0127,Nursing,1:1,0.7,3.54,12,6,2024-03,0
S0128,Nursing,Subscription,0.94,3.26,15,15,2024-08,1
S0129,SCOE,1:1,0.65,2.74,3,3,2024-08,1
S0130,DIS,Subscription,0.62,2.68,12,12,2024-05,1
S0131,JD Law,Subscription,0.66,3.29,12,12,2024-02,0
S0132,SCOE,Class-Based,0.81,2.82,9,3,2024-05,0
S0133,DIS,Subscription,0.99,3.8,9,9,2024-04,1
S0134,SCOE,Class-Based,0.65,2.66,6,6,2024-03,1
S0135,DIS,Subscription,0.57,3.13,9,9,2024-02,1
S0136,General Studies,Subscription,0.74,2.97,6,0,2024-05,1
S0137,General Studies,Class-Based,0.99,2.82,3,3,2024-02,1
S0138,MFT,1:1,0.94,4.0,12,12,2024-06,1
S0139,Nursing,Class-Based,0.56,2.56,9,9,2024-06,0
S0140,MFT,Class-Based,0.56,2.97,15,15,2024-04,1
S0141,DIS,Class-Based,0.96,2.94,6,3,2024-05,1
S0142,Nursing,1:1,0.66,3.58,15,9,2024-06,1
S0143,DIS,Subscription,0.98,2.38,6,6,2024-02,1
S0144,SCOE,Class-Based,0.97,3.5,9,3,2024-04,1
S0145,MFT,Class-Based,0.59,2.85,9,3,2024-04,1
S0146,JD Law,1:1,0.85,2.52,15,15,2024-01,1
S0147,General Studies,1:1,0.99,3.18,15,15,2024-04,1
S0148,MFT,Class-Based,0.9,2.77,15,12,2024-03,1
S0149,MFT,1:1,0.85,3.19,6,6,2024-01,1
S0150,MFT,Class-Based,0.57,3.11,12,12,2024-02,1
